distance,theta1,theta2,theta3,theta4,theta_d
  3.394298, 93.424778, 89.314730, 32.990576,142.288977, 92.364810
  3.475955,116.790286, 72.820475, 37.211397,129.824940, 97.771677
  4.384238, 20.683331,104.533616, 93.345617,128.713731, 53.711004
  3.594118, 57.974309, 60.655405,153.113068, 97.358855, 27.929005
  5.031610, 42.947872, 84.812291,152.458965, 86.345865, 44.541312
  3.368754,115.363567,132.453882, 69.902304, 40.596116,162.776683
  3.377452, 72.604758, 44.642062,147.324262, 99.734795, 28.855976
  5.032121, 33.391870,142.870885, 90.878954, 91.284044, 88.126481
  3.876702,106.153017, 82.731235,135.112732, 30.740387, 97.519188
  5.659015, 94.501198,146.353533, 82.946944, 38.078491,141.954166
  3.146864,107.454540, 97.049602, 14.957287,122.868017,111.505606
  3.658443, 84.040508, 71.417972,164.478288, 57.269773, 68.534271
