distance,theta1,theta2,theta3,theta4,theta_d
  3.096661, 89.248011, 72.502700, 51.987698,158.341689, 74.240069
  3.923527, 83.402602, 91.421832,148.871045, 39.999363, 85.531756
  5.234920,131.722261,118.409857, 61.159695, 48.836093,170.887145
  2.820876,177.164129, 70.235766, 68.258529, 73.133319,124.888526
  2.958531, 63.553188, 49.389968,108.155035,141.633965, 18.368980
  5.409777, 53.184401, 59.215190,109.806900,140.586423, 15.720688
  4.361521,107.196430, 35.952395,137.359384, 77.184622, 63.590225
  4.630327, 88.821207, 94.750922, 32.339924,141.495332, 93.094807
  5.158570,121.720268,128.468044, 59.464532, 50.184644,174.286350
  3.672748, 80.298010, 50.036633, 82.757905,159.391102, 45.403395
  3.834737, 97.728014,100.830567, 19.115771,128.488650,106.221230
  2.741733, 53.471236,162.490632, 76.512343, 82.815709,108.074659
  5.840001, 96.955749, 14.837308,107.588559,122.791205, 43.106096
  4.404406,136.764329, 35.403514, 77.497890,107.724438, 85.632424
  5.178729, 49.180429, 73.608664,155.379900, 91.553443, 35.892085
  2.708006,167.033345, 83.422386, 63.448153, 65.554434,138.188540
