distance,theta1,theta2,theta3,theta4,theta_d
  2.994793, 52.108500, 71.245660,157.339826, 90.805269, 35.757126
  3.803572, 43.886684,121.815593,127.240473, 65.697126, 80.346427
  5.921827,117.348925, 69.756124, 40.362594,130.488733, 95.598001
  3.955465,114.215170, 16.321220,119.335276, 93.426378, 61.596469
  3.875204,117.212273,109.484463,101.409756,  9.128158,133.130691
  3.804518, 39.066503,114.986713, 71.517245,132.196367, 72.126827
  2.815843,158.135714, 90.451022, 70.327562, 53.234115,144.090509
  2.795807,166.131638, 57.081087, 75.142542, 80.272952,111.609995
  2.638643,173.717367, 67.499677, 67.528931, 76.815631,121.913709
  3.004176, 85.748524,159.257654, 76.791822, 50.663522,138.327221
  3.106657, 88.180026,108.327554,129.144379, 23.936586,104.177913
  5.974402, 22.243810,112.415924, 88.226126,125.040740, 61.938155
  4.989825,155.453692, 83.095278, 46.006786, 84.586155,133.098840
  4.366836, 64.612574,119.477884, 45.212380,129.842873, 93.167564
  5.945083, 45.299354, 94.151912,151.509476, 75.677529, 56.850225
  4.407414, 82.284794, 56.319194,164.834346, 73.965863, 53.385076
