distance,theta1,theta2,theta3,theta4,theta_d
  5.103070, 15.974697,118.695928, 93.603037,114.730523, 65.390864
  4.664173,103.676654, 88.298695, 26.381488,133.549808,100.326265
  4.168590, 42.455656,106.462137,140.960307, 71.116707, 66.891566
  4.650635, 68.616996,103.526230,145.070438, 46.487385, 83.466858
  3.734423, 92.894507, 79.424961, 42.590995,150.371730, 83.381034
  4.032964,110.037831, 52.216893,140.243162, 60.051315, 76.496944
  3.853183,108.030447, 97.205600,122.210534, 14.497487,112.128950
  3.150733, 25.015861, 99.397947, 92.644952,134.009101, 50.068875
  4.743684, 91.710278, 54.098340, 68.441702,157.516695, 61.188295
  5.976900,113.618671,120.465217, 92.722447, 17.164073,141.869435
  3.307142,124.802088,109.723419, 19.161458, 92.103661,141.867107
  3.314340,111.361372, 93.478250, 17.024097,122.100260,111.577407
  5.729985,149.019781, 64.978182,100.662875, 51.624577,112.172910
  5.896257,141.155592, 94.252469, 31.912418, 89.716143,137.717810
  2.848917, 77.991987, 42.330347,149.123094, 95.064994, 34.963888
  5.699657, 61.585579,144.658767,105.545895, 52.537154,107.132483
  3.283411,125.911142, 24.428380,113.317537, 85.963142, 73.624491
  2.917383, 45.596219, 63.757195,126.999700,122.542799,  9.314457
  4.248946, 49.524678,104.859410,144.698232, 64.923644, 70.147685
  3.425301, 82.445343, 74.351145, 55.778981,164.378289, 69.688552
  4.699737, 21.175487, 90.346186,126.544048,109.240778, 36.761564
  3.285382, 49.638739, 61.474273,113.737010,136.321174, 12.871785
  3.479493,106.451865, 57.419641,144.067311, 56.347568, 77.220963
  5.354500, 52.197097,161.443965, 78.373172, 82.361492,106.827919
  3.980851, 61.785193,141.630338,108.494766, 51.071916,105.622348
  5.283314, 75.283642, 34.138745,122.663942,122.819780, 20.482023
  4.050070,154.088656, 47.581739, 92.037188, 74.981662,101.164792
  4.227245, 84.081048, 86.237921, 43.687712,153.112639, 81.594967
  4.665721, 31.503730, 82.523303,105.114804,136.191362, 31.674003
  2.892279, 72.574318,171.615356, 76.863514, 62.556661,126.590709
  3.196967, 98.897933, 74.978543, 42.763303,146.987803, 84.813565
  5.152970,102.236737,145.229772, 44.688055, 71.018364,153.852273
  2.818936, 86.405163,161.718510, 54.877260, 71.831288,140.194540
