distance,theta1,theta2,theta3,theta4,theta_d
  3.426292, 58.407862,105.668561,144.808438, 55.711424, 77.306530
  4.239855, 38.845363, 93.473600,147.341536, 82.911388, 51.480532
  4.423900,108.326610, 10.945422,119.229338,100.330158, 54.692102
  3.465019,106.477892, 94.538035,125.943719, 18.247778,108.305940
  5.286555, 43.484955,140.200324, 69.480380,107.919755, 92.125782
  4.048143, 75.740814, 75.554093, 60.689585,170.145204, 64.582138
  5.351410, 58.381089, 51.218337,123.220569,127.168550,  4.036344
  4.137532,108.863271, 93.105838, 18.490607,124.838048,109.062078
  4.302991,108.800369,114.086077,105.361890,  5.138699,129.293066
  5.549429,121.400562, 39.600438, 69.889404,126.263235, 77.610384
  5.200027, 92.545347, 96.599561,136.719101, 27.459305, 97.926634
  4.733092,128.059281, 47.585555, 61.976343,121.823019, 87.147763
  3.776753, 76.928732, 64.920314,173.055950, 70.009765, 55.697463
  3.950525,120.671936,113.868416, 17.640674, 92.170747,142.375448
  4.108049,119.981945,110.709103, 96.896510, 13.533104,137.562841
  3.696147,107.904069, 75.798718, 37.041949,137.365901, 93.102266
  3.621602,132.732575, 53.846454,117.727060, 56.292775, 94.457870
  4.458357,126.553222,115.738140, 80.878372, 29.177433,153.358301
  4.306112,126.558741, 97.704808, 17.417653,102.951452,129.207446
  2.688661, 82.867150,167.489310, 66.208351, 63.246886,137.654357
  2.718639,169.177029, 74.402500, 59.914969, 77.701058,128.227278
  3.255905, 89.772042,155.521807, 47.847115, 76.373888,141.708232
  2.953019,171.916688, 78.558841, 68.486371, 65.082133,133.011151
  5.726869,153.825502, 45.481859, 79.322702, 89.461093, 99.707484
