distance,theta1,theta2,theta3,theta4,theta_d
  3.251130,110.764388, 66.259481, 45.690372,138.278095, 87.625823
  4.372743, 78.368359, 36.558254,140.462833,103.432905, 29.677059
  4.666414,105.482272, 32.440966,136.526876, 81.377684, 60.097165
  5.383475, 79.728391,134.916651, 32.887055,108.216925,117.188342
  3.541893, 88.742924, 61.109834, 63.622698,161.781109, 64.022436
  3.610747, 24.005267,110.098517, 87.393854,127.969357, 60.451002
  3.657683, 20.613292,109.407043,126.130631, 90.912760, 58.389105
  4.777987, 64.932581,134.270375, 45.722329,115.042455,103.767260
  3.440268, 78.429257, 32.074105,114.570446,129.276119, 24.721874
  4.535675, 41.105304, 76.795198, 98.726557,146.103375, 31.717136
  5.731124,141.245448,104.160718, 75.811276, 38.862626,152.404867
  3.497016, 61.626551, 73.484744,170.825514, 76.844781, 48.836217
  5.299049, 18.003497,116.598130,118.439240, 91.485760, 64.224312
  5.743191,133.896758, 89.937497, 25.883651,101.960836,126.836803
  5.392829, 69.388845,124.180280, 40.063032,123.729318,100.481519
  5.756539, 71.831398, 89.645152,158.241010, 52.344445, 74.027919
  3.454982,132.559483,100.011034, 23.499886, 93.841592,137.400453
  4.558555, 42.462712,106.436148, 71.148998,141.074433, 66.782514
