distance,theta1,theta2,theta3,theta4,theta_d
  3.396625, 12.323413,103.526158,102.578796,121.770664, 49.871810
  5.909653, 75.934533,141.267662, 38.814087,104.011587,117.714055
  5.207568, 69.322120,139.968920, 43.602063,108.195166,110.891247
  3.997262, 33.413523, 84.135393, 99.319885,140.731437, 35.805060
  4.492739, 73.775391, 35.692153,125.288787,120.889949, 19.160701
  3.205945, 96.595665,100.341923,129.897604, 20.596517,104.782170
  3.899785,149.217615, 97.217183, 74.241237, 44.580252,148.393063
  5.785913,105.157323, 76.946615,139.568989, 37.159605, 91.775712
  5.777526, 43.046113, 79.538017,151.090279, 92.058573, 37.948237
  5.259732,105.331521, 60.382272, 53.878523,145.054775, 78.499753
  4.396521,105.900048, 85.653919, 27.846845,133.291617, 99.893180
  3.780323, 84.433752,102.148594,137.826238, 31.281934, 95.641344
  3.846349, 72.646493, 66.980679,176.416839, 72.023629, 53.332867
  2.938730,124.222533,105.234042, 15.554625, 97.899383,135.704838
  2.817871,148.746835, 42.090868, 95.452939, 78.147552, 95.485522
  2.835911,170.338612, 80.037411, 65.999893, 65.992507,134.807980
  3.049361,176.404414, 68.228076, 74.086194, 69.455464,122.759498
