distance,theta1,theta2,theta3,theta4,theta_d
  4.389749, 80.014140, 29.409857,121.690528,121.277753, 25.250878
  5.454109, 62.799568, 56.114991, 96.956491,153.312480, 28.480911
  4.733825,116.509931,  7.411353,107.958717,103.680465, 61.843123
  3.988233,111.365346, 67.470590,137.340616, 44.215936, 89.072865
  3.739331,106.695706, 89.855806,129.472001, 23.065982,104.254197
  3.364640, 49.552078, 64.177309,106.829408,142.805788, 19.633797
  5.514009,134.725621, 73.065033,111.850539, 38.384771,110.885307
  3.934758, 30.790901,111.756238,131.012358, 80.376840, 64.934291
  3.487802,107.928327,141.305833, 65.593108, 47.385676,160.691334
  3.218215, 18.220436,122.328919,112.408627, 92.065027, 68.811026
  3.580682, 36.976226,110.517861,135.236746, 74.853290, 67.133322
  5.196769,140.015877, 30.771571, 89.993783, 95.377416, 85.348730
  3.531878, 17.976079,109.338175,124.131959, 93.308337, 57.592992
  5.137907, 76.613843, 81.065156, 54.905318,164.111437, 70.425110
  4.721607, 65.452308,130.754177, 44.544300,118.411843,101.830461
  5.976415, 36.681384,120.185730,126.419342, 72.984457, 74.892972
  3.753733, 57.938330,123.028054,127.332529, 51.637239, 90.703972
  2.949596, 91.478362,155.411999, 73.437427, 49.379983,144.157631
  2.699685, 82.699422,158.258609, 81.790329, 48.801061,133.962387
  4.593735, 89.345319, 55.269610,159.745776, 69.040215, 59.822689
  2.555034,162.692187, 60.544415, 64.982271, 87.705888,113.645272
  5.076081,126.466689,122.350253, 66.525262, 43.030714,168.065240
  3.160222, 83.970384, 34.616718, 97.865679,142.298968, 36.500607
