distance,theta1,theta2,theta3,theta4,theta_d
  3.780100,121.757399, 14.578928, 96.435951,109.240971, 67.501585
  5.995790, 71.882194,133.871625,113.164754, 39.211478,109.272174
  3.608152,110.875202,136.709433, 70.680048, 41.157463,159.825314
  5.302735, 85.292838,151.358901, 87.012158, 41.894225,133.631713
  5.353067,170.749569, 69.713002, 63.307651, 79.118707,123.541283
  2.608103, 70.140131,165.453080, 83.732707, 58.783661,122.922591
  4.198059, 40.315829,144.828186, 76.691371,100.019698, 92.788834
  2.551349, 72.769341,173.690546, 74.617675, 64.236090,127.271466
  2.536872, 72.577096,175.561123, 66.080910, 73.018108,127.157007
  2.549334,174.786834, 68.370561, 75.685857, 67.588943,122.967204
  2.674234, 73.302530,171.444106, 62.174386, 76.445997,127.382403
  5.497722, 86.899735,113.914113,124.590178, 23.267072,107.698023
  4.854448, 48.061017,126.459981,123.557342, 61.390225, 86.327268
  4.554928,158.794223, 74.825278, 51.076879, 87.479454,125.612678
  2.531262,164.388582, 55.302585, 81.382346, 75.812381,109.996286
  2.653863, 84.800142,165.750459, 62.863218, 65.060864,139.451209
  5.719043,128.309243, 66.335434, 43.336525,120.574624,100.910031
  2.622937, 59.251950,166.939036, 81.590894, 71.466839,113.690600
  5.779419, 21.811423,109.921547,126.625570, 89.520097, 59.341682
  2.766275, 70.464624,179.332692, 71.157889, 70.027945,125.115517
  4.203411,144.715089, 36.164991, 84.715844, 94.843149, 90.380400
  2.727435,162.150883, 54.013005, 74.328264, 84.603789,108.376405
  3.551548, 64.155723, 96.275368, 55.173420,153.821229, 73.578736
  2.721694, 88.325861,153.621228, 44.744208, 81.013526,138.662129
